{
  "cols": 13,
  "data": {
    "slice-0": [
      123.16761779785156,
      7.08681583404541,
      -18.36892318725586,
      -21.999006271362305,
      7.17810583114624,
      -9.762823104858398,
      -2.387688636779785,
      -10.24929428100586,
      4.136518478393555,
      -2.5573787689208984,
      3.5524065494537354,
      -7.35283899307251,
      5.3149309158325195
    ],
    "slice-1": [
      12.867383003234863,
      35.445796966552734,
      9.66893196105957,
      4.782382965087891,
      -1.919366717338562,
      -2.735556125640869,
      -5.663848876953125,
      -5.882740497589111,
      -6.859462738037109,
      -5.996886253356934,
      -5.939215183258057,
      -4.591344833374023,
      -4.1876983642578125
    ],
    "slice-10": [
      108.93341827392578,
      31.18189811706543,
      -22.481754302978516,
      -14.012845039367676,
      0.47461268305778503,
      4.015352725982666,
      -10.984424591064453,
      -14.836954116821289,
      -9.520071983337402,
      -6.921603202819824,
      -9.499868392944336,
      -7.299235820770264,
      -4.739443778991699
    ],
    "slice-11": [
      48.69618606567383,
      19.379117965698242,
      1.6694835424423218,
      0.6154783368110657,
      -0.8590468764305115,
      -2.00726318359375,
      -4.917440891265869,
      -2.6219892501831055,
      1.5472837686538696,
      4.013633728027344,
      1.911216378211975,
      -2.4546244144439697,
      -4.417492389678955
    ],
    "slice-12": [
      76.92475891113281,
      29.76519012451172,
      -15.621545791625977,
      -11.562349319458008,
      0.49796992540359497,
      2.4816291332244873,
      -7.186661720275879,
      -11.619410514831543,
      -9.836830139160156,
      -7.61290168762207,
      -8.658528327941895,
      -6.052661418914795,
      -1.8092120885849
    ],
    "slice-13": [
      12.797405242919922,
      36.65239715576172,
      11.337706565856934,
      6.811465263366699,
      0.1303136795759201,
      -1.2487701177597046,
      -5.636550426483154,
      -7.604245185852051,
      -10.075844764709473,
      -10.164507865905762,
      -10.151702880859375,
      -7.858142852783203,
      -4.845959186553955
    ],
    "slice-14": [
      126.53742980957031,
      18.166948318481445,
      -31.680463790893555,
      -12.420310020446777,
      13.539022445678711,
      -4.005275726318359,
      -10.386184692382813,
      -11.286051750183105,
      -1.4904224872589111,
      -7.622485160827637,
      -5.503716468811035,
      -7.6070942878723145,
      -2.2554259300231934
    ],
    "slice-15": [
      20.902420043945313,
      34.53333282470703,
      2.523427724838257,
      -1.9731600284576416,
      -5.20419979095459,
      -3.672758102416992,
      -7.322455883026123,
      -9.146576881408691,
      -10.154327392578125,
      -7.936954498291016,
      -6.848900318145752,
      -5.711893558502197,
      -5.297510147094727
    ],
    "slice-16": [
      135.70916748046875,
      14.293844223022461,
      -29.46998405456543,
      -13.390625,
      12.35323715209961,
      -4.4456071853637695,
      -3.9704034328460693,
      -8.266559600830078,
      0.698488175868988,
      -5.018865585327148,
      -0.667352020740509,
      -5.319849014282227,
      -0.8865212798118591
    ],
    "slice-17": [
      10.484716415405273,
      31.51868438720703,
      4.4321184158325195,
      0.06982821971178055,
      -5.051270008087158,
      -3.585423707962036,
      -4.257815837860107,
      -2.5663819313049316,
      -2.973410129547119,
      -2.7540180683135986,
      -3.6037213802337646,
      -3.0837931632995605,
      -2.2757229804992676
    ],
    "slice-18": [
      136.11416625976563,
      4.321000099182129,
      -30.260507583618164,
      -11.585677146911621,
      15.529104232788086,
      -11.395819664001465,
      -3.0504560470581055,
      -10.265694618225098,
      5.572434425354004,
      -6.518896579742432,
      3.5500874519348145,
      -4.469078063964844,
      3.271184206008911
    ],
    "slice-19": [
      11.804267883300781,
      26.223419189453125,
      -1.560526728630066,
      -0.44264814257621765,
      0.3428656756877899,
      2.3960702419281006,
      -1.000826120376587,
      -2.423882246017456,
      -3.157885789871216,
      -1.9949430227279663,
      -2.0110979080200195,
      -1.0050081014633179,
      0.22013422846794128
    ],
    "slice-2": [
      130.21536254882813,
      19.756122589111328,
      -28.49038314819336,
      -14.995682716369629,
      10.579955101013184,
      -7.261106491088867,
      -4.5181989669799805,
      -10.444503784179688,
      0.9651151299476624,
      -4.547447681427002,
      2.5869598388671875,
      -2.5018208026885986,
      1.391061782836914
    ],
    "slice-20": [
      116.38191223144531,
      28.167360305786133,
      -22.415660858154297,
      -22.312305450439453,
      0.576151430606842,
      2.1245522499084473,
      -3.0643439292907715,
      -7.7537055015563965,
      -4.670984268188477,
      0.005729705095291138,
      1.711083173751831,
      -0.2833976149559021,
      -2.316469430923462
    ],
    "slice-21": [
      19.268644332885742,
      34.634796142578125,
      2.611428737640381,
      -2.424736499786377,
      -4.597478866577148,
      -0.3352780342102051,
      -0.24333015084266663,
      0.6505610942840576,
      -0.03502175211906433,
      -0.1335993856191635,
      -2.4941718578338623,
      -4.733097553253174,
      -6.016508102416992
    ],
    "slice-22": [
      126.44631958007813,
      -1.1537690162658691,
      -22.475475311279297,
      -12.398042678833008,
      11.452362060546875,
      -10.957808494567871,
      8.334479331970215,
      -6.505205154418945,
      7.157428741455078,
      -1.0306705236434937,
      6.707548141479492,
      -1.1309796571731567,
      6.412166118621826
    ],
    "slice-23": [
      12.90657901763916,
      29.818603515625,
      -1.2357770204544067,
      -7.632059574127197,
      -11.514266014099121,
      -7.366168022155762,
      -5.76740026473999,
      -2.7483036518096924,
      -0.31954893469810486,
      4.374166965484619,
      8.043850898742676,
      11.310433387756348,
      11.92949104309082
    ],
    "slice-24": [
      139.59774780273438,
      -8.107929229736328,
      -22.247488021850586,
      -10.765028953552246,
      16.13315773010254,
      -16.654741287231445,
      9.679940223693848,
      -6.073711395263672,
      10.216734886169434,
      -5.9018144607543945,
      9.303857803344727,
      -2.50044322013855,
      10.459405899047852
    ],
    "slice-25": [
      8.538753509521484,
      26.548185348510742,
      -1.7598620653152466,
      -5.425708770751953,
      -9.091704368591309,
      -6.083634376525879,
      -4.243035793304443,
      0.05798652768135071,
      3.7033445835113525,
      8.3109130859375,
      10.867827415466309,
      11.930482864379883,
      8.815434455871582
    ],
    "slice-26": [
      122.08428955078125,
      2.722038507461548,
      -22.506938934326172,
      -14.570068359375,
      12.318778991699219,
      -6.975375175476074,
      4.6570892333984375,
      -4.978398323059082,
      5.548870086669922,
      2.0834801197052,
      5.166323184967041,
      -0.907608687877655,
      5.744063377380371
    ],
    "slice-27": [
      11.467057228088379,
      29.14740753173828,
      -0.8307705521583557,
      -5.8259100914001465,
      -9.194110870361328,
      -4.997297763824463,
      -1.8656420707702637,
      3.825268507003784,
      8.194796562194824,
      12.777898788452148,
      13.395567893981934,
      10.67012882232666,
      3.2592289447784424
    ],