{
  "cols": 13,
  "data": {
    "rock_0": [
      114.468017578125,
      -20.3042049407959,
      -23.442184448242188,
      -39.06174087524414,
      7.2954559326171875,
      -11.115570068359375,
      -11.6557035446167,
      -9.768654823303223,
      -3.9683430194854736,
      -11.042284965515137,
      -6.844094753265381,
      -6.9713969230651855,
      -9.710147857666016
    ],
    "rock_1": [
      113.68995666503906,
      -22.285400390625,
      -24.326513290405273,
      -37.49586486816406,
      6.68452787399292,
      -12.770026206970215,
      -10.872533798217773,
      -8.755450248718262,
      -6.748623371124268,
      -10.385419845581055,
      -6.9888997077941895,
      -8.023934364318848,
      -9.755133628845215
    ],
    "rock_10": [
      124.37117004394531,
      -27.584232330322266,
      -24.615039825439453,
      -32.010780334472656,
      0.9291788935661316,
      -18.234291076660156,
      -5.522696495056152,
      -10.08990478515625,
      -8.026634216308594,
      -8.356348991394043,
      -6.868650436401367,
      -7.597747802734375,
      -9.970418930053711
    ],
    "rock_11": [
      126.2745590209961,
      -24.437793731689453,
      -26.283432006835938,
      -33.460025787353516,
      5.704237937927246,
      -16.45401382446289,
      -9.786404609680176,
      -6.276121139526367,
      -7.927201271057129,
      -11.16362476348877,
      -4.75669002532959,
      -7.93287467956543,
      -9.888718605041504
    ],
    "rock_12": [
      128.44204711914063,
      -23.98424530029297,
      -28.863168716430664,
      -31.61704444885254,
      3.6182148456573486,
      -15.638070106506348,
      -11.020650863647461,
      -6.531248569488525,
      -8.96877670288086,
      -9.997536659240723,
      -6.872355937957764,
      -7.030181407928467,
      -9.720388412475586
    ],
    "rock_13": [
      127.24104309082031,
      -22.027706146240234,
      -28.49053192138672,
      -31.255062103271484,
      6.1930999755859375,
      -18.943702697753906,
      -6.7378129959106445,
      -6.862237453460693,
      -8.877521514892578,
      -8.290202140808105,
      -6.213977336883545,
      -7.169511795043945,
      -8.481529235839844
    ],
    "rock_14": [
      132.07322692871094,
      -23.326705932617188,
      -26.793115615844727,
      -32.42054748535156,
      0.7951631546020508,
      -9.675485610961914,
      -13.971434593200684,
      -8.749032020568848,
      -4.090600967407227,
      -13.210655212402344,
      -7.302045822143555,
      -6.790677547454834,
      -8.059454917907715
    ],
    "rock_15": [
      132.68821716308594,
      -20.441905975341797,
      -29.83909797668457,
      -32.3751335144043,
      4.144711494445801,
      -13.057352066040039,
      -14.005199432373047,
      -7.106773376464844,
      -3.9560599327087402,
      -14.803093910217285,
      -6.478570938110352,
      -4.914324760437012,
      -9.967750549316406
    ],
    "rock_16": [
      136.5018768310547,
      -24.159154891967773,
      -26.7575740814209,
      -35.738712310791016,
      5.607160568237305,
      -11.54428768157959,
      -17.10650634765625,
      -4.056750774383545,
      -6.317992210388184,
      -12.630660057067871,
      -7.821078300476074,
      -4.741262435913086,
      -9.755077362060547
    ],
    "rock_17": [
      136.0136260986328,
      -26.45978546142578,
      -25.748376846313477,
      -30.761455535888672,
      0.6540364623069763,
      -11.689446449279785,
      -11.709022521972656,
      -7.322197914123535,
      -6.621863842010498,
      -11.248208999633789,
      -6.385807991027832,
      -6.194246768951416,
      -10.312593460083008
    ],
    "rock_18": [
      132.37803649902344,
      -18.6483211517334,
      -31.583446502685547,
      -32.25201416015625,
      8.303552627563477,
      -19.497608184814453,
      -7.503623962402344,
      -7.771015644073486,
      -7.696043968200684,
      -10.696224212646484,
      -6.73419713973999,
      -5.834045886993408,
      -11.00600528717041
    ],
    "rock_19": [
      134.45045471191406,
      -25.055479049682617,
      -27.581653594970703,
      -33.0008544921875,
      4.913341045379639,
      -15.58770751953125,
      -13.022784233093262,
      -4.074179649353027,
      -9.273015975952148,
      -11.84725284576416,
      -6.277389049530029,
      -5.779424667358398,
      -11.288416862487793
    ],
    "rock_2": [
      118.34915161132813,
      -24.84726333618164,
      -26.134883880615234,
      -33.80680465698242,
      3.6330630779266357,
      -12.771435737609863,
      -10.44493293762207,
      -8.751639366149902,
      -6.656997203826904,
      -10.630183219909668,
      -6.265194416046143,
      -8.378087997436523,
      -9.136567115783691
    ],
    "rock_20": [
      133.82614135742188,
      -22.51763153076172,
      -29.923551559448242,
      -30.2630558013916,
      4.5488080978393555,
      -16.289419174194336,
      -9.380908012390137,
      -6.22705078125,
      -8.496277809143066,
      -8.718390464782715,
      -7.632204055786133,
      -5.112434387207031,
      -10.068872451782227
    ],
    "rock_21": [
      131.62904357910156,
      -19.13442611694336,
      -31.968860626220703,
      -32.43376541137695,
      6.601236343383789,
      -17.453998565673828,
      -9.88255786895752,
      -7.127256393432617,
      -8.548311233520508,
      -10.12651538848877,
      -6.956335067749023,
      -7.256418228149414,
      -9.787252426147461
    ],
    "rock_22": [
      133.1685333251953,
      -20.159944534301758,
      -29.12842559814453,
      -35.65700912475586,
      7.767059326171875,
      -14.567195892333984,
      -13.953668594360352,
      -6.098596572875977,
      -6.113709926605225,
      -12.360801696777344,
      -8.413349151611328,
      -4.478982925415039,
      -10.180403709411621
    ],
    "rock_23": [
      133.20310974121094,
      -20.347787857055664,
      -27.939294815063477,
      -35.545814514160156,
      8.624726295471191,
      -15.056928634643555,
      -11.256686210632324,
      -6.349713325500488,
      -6.7177839279174805,
      -10.038187980651855,
      -8.021612167358398,
      -5.606863021850586,
      -8.263212203979492
    ],
    "rock_24": [
      131.22128295898438,
      -19.93559455871582,
      -28.580129623413086,
      -35.223915100097656,
      7.440553188323975,
      -16.056982040405273,
      -10.805051803588867,
      -7.976262092590332,
      -6.96323299407959,
      -10.10810375213623,
      -9.842238426208496,
      -4.623281955718994,
      -10.153144836425781
    ],
    "rock_25": [
      130.11822509765625,
      -19.551836013793945,
      -26.349075317382813,
      -36.09518051147461,
      6.098672389984131,
      -12.126810073852539,
      -12.19646167755127,
      -8.023581504821777,
      -4.1660590171813965,
      -10.9931001663208,
      -8.556469917297363,
      -4.801819801330566,
      -9.350820541381836
    ],
    "rock_26": [
      127.90823364257813,
      -20.83091163635254,
      -22.364450454711914,
      -40.42642593383789,
      6.445772171020508,
      -12.157127380371094,
      -11.614211082458496,
      -10.674345016479492,
      -5.331607341766357,
      -8.852947235107422,
      -12.289894104003906,
      -5.349681377410889,
      -9.100360870361328
    ],
    "rock_27": [
      125.92189025878906,
      -12.676822662353516,
      -19.57032585144043,
      -41.630462646484375,
      -3.8288187980651855,
      -11.459254264831543,
      -6.241376876831055,
      -11.529606819152832,
      -14.486090660095215,
      -10.703493118286133,
      -8.557982444763184,
      -10.497321128845215,
      -10.109101295471191
    ],